{
    "Azalea": {
        "precision": 0.5,
        "recall": 0.6,
        "f1-score": 0.5454545454545454,
        "support": 5.0
    },
    "BananaShrub": {
        "precision": 1.0,
        "recall": 0.25,
        "f1-score": 0.4,
        "support": 4.0
    },
    "BeautifulBougainvillea": {
        "precision": 1.0,
        "recall": 0.75,
        "f1-score": 0.8571428571428571,
        "support": 4.0
    },
    "BuddhistPine": {
        "precision": 0.0,
        "recall": 0.0,
        "f1-score": 0.0,
        "support": 4.0
    },
    "CamelliaJaponica": {
        "precision": 0.5,
        "recall": 0.5,
        "f1-score": 0.5,
        "support": 4.0
    },
    "DragonJuniper": {
        "precision": 0.5,
        "recall": 0.5,
        "f1-score": 0.5,
        "support": 4.0
    },
    "GoldenLeaves": {
        "precision": 0.5,
        "recall": 1.0,
        "f1-score": 0.6666666666666666,
        "support": 5.0
    },
    "IndianSubleaseTree": {
        "precision": 0.75,
        "recall": 1.0,
        "f1-score": 0.8571428571428571,
        "support": 3.0
    },
    "accuracy": 0.5757575757575758,
    "macro avg": {
        "precision": 0.59375,
        "recall": 0.575,
        "f1-score": 0.5408008658008658,
        "support": 33.0
    },
    "weighted avg": {
        "precision": 0.5833333333333334,
        "recall": 0.5757575757575758,
        "f1-score": 0.535169880624426,
        "support": 33.0
    }
}