{
    "Azalea": {
        "precision": 1.0,
        "recall": 0.6,
        "f1-score": 0.75,
        "support": 5.0
    },
    "BananaShrub": {
        "precision": 0.6666666666666666,
        "recall": 0.5,
        "f1-score": 0.5714285714285714,
        "support": 4.0
    },
    "BeautifulBougainvillea": {
        "precision": 0.8,
        "recall": 1.0,
        "f1-score": 0.8888888888888888,
        "support": 4.0
    },
    "BuddhistPine": {
        "precision": 1.0,
        "recall": 1.0,
        "f1-score": 1.0,
        "support": 4.0
    },
    "CamelliaJaponica": {
        "precision": 1.0,
        "recall": 1.0,
        "f1-score": 1.0,
        "support": 4.0
    },
    "DragonJuniper": {
        "precision": 0.75,
        "recall": 0.75,
        "f1-score": 0.75,
        "support": 4.0
    },
    "GoldenLeaves": {
        "precision": 0.8333333333333334,
        "recall": 1.0,
        "f1-score": 0.9090909090909091,
        "support": 5.0
    },
    "IndianSubleaseTree": {
        "precision": 0.75,
        "recall": 1.0,
        "f1-score": 0.8571428571428571,
        "support": 3.0
    },
    "accuracy": 0.8484848484848485,
    "macro avg": {
        "precision": 0.8500000000000001,
        "recall": 0.85625,
        "f1-score": 0.8408189033189033,
        "support": 33.0
    },
    "weighted avg": {
        "precision": 0.8570707070707071,
        "recall": 0.8484848484848485,
        "f1-score": 0.8396409987319078,
        "support": 33.0
    }
}