{
    "Azalea": {
        "precision": 1.0,
        "recall": 0.8,
        "f1-score": 0.8888888888888888,
        "support": 5.0
    },
    "BananaShrub": {
        "precision": 0.75,
        "recall": 0.75,
        "f1-score": 0.75,
        "support": 4.0
    },
    "BeautifulBougainvillea": {
        "precision": 1.0,
        "recall": 1.0,
        "f1-score": 1.0,
        "support": 4.0
    },
    "BuddhistPine": {
        "precision": 1.0,
        "recall": 1.0,
        "f1-score": 1.0,
        "support": 4.0
    },
    "CamelliaJaponica": {
        "precision": 1.0,
        "recall": 1.0,
        "f1-score": 1.0,
        "support": 4.0
    },
    "DragonJuniper": {
        "precision": 0.75,
        "recall": 0.75,
        "f1-score": 0.75,
        "support": 4.0
    },
    "GoldenLeaves": {
        "precision": 0.8333333333333334,
        "recall": 1.0,
        "f1-score": 0.9090909090909091,
        "support": 5.0
    },
    "IndianSubleaseTree": {
        "precision": 1.0,
        "recall": 1.0,
        "f1-score": 1.0,
        "support": 3.0
    },
    "accuracy": 0.9090909090909091,
    "macro avg": {
        "precision": 0.9166666666666667,
        "recall": 0.9125,
        "f1-score": 0.9122474747474747,
        "support": 33.0
    },
    "weighted avg": {
        "precision": 0.9141414141414141,
        "recall": 0.9090909090909091,
        "f1-score": 0.908784817875727,
        "support": 33.0
    }
}