{
    "Azalea": {
        "precision": 0.5,
        "recall": 0.8,
        "f1-score": 0.6153846153846154,
        "support": 5.0
    },
    "BananaShrub": {
        "precision": 0.0,
        "recall": 0.0,
        "f1-score": 0.0,
        "support": 4.0
    },
    "BeautifulBougainvillea": {
        "precision": 0.375,
        "recall": 0.75,
        "f1-score": 0.5,
        "support": 4.0
    },
    "BuddhistPine": {
        "precision": 0.5,
        "recall": 0.25,
        "f1-score": 0.3333333333333333,
        "support": 4.0
    },
    "CamelliaJaponica": {
        "precision": 0.3333333333333333,
        "recall": 0.25,
        "f1-score": 0.2857142857142857,
        "support": 4.0
    },
    "DragonJuniper": {
        "precision": 1.0,
        "recall": 0.5,
        "f1-score": 0.6666666666666666,
        "support": 4.0
    },
    "GoldenLeaves": {
        "precision": 0.625,
        "recall": 1.0,
        "f1-score": 0.7692307692307693,
        "support": 5.0
    },
    "IndianSubleaseTree": {
        "precision": 1.0,
        "recall": 0.6666666666666666,
        "f1-score": 0.8,
        "support": 3.0
    },
    "accuracy": 0.5454545454545454,
    "macro avg": {
        "precision": 0.5416666666666666,
        "recall": 0.5270833333333333,
        "f1-score": 0.4962912087912088,
        "support": 33.0
    },
    "weighted avg": {
        "precision": 0.529040404040404,
        "recall": 0.5454545454545454,
        "f1-score": 0.49896769896769894,
        "support": 33.0
    }
}