{
    "Azalea": {
        "precision": 1.0,
        "recall": 0.4,
        "f1-score": 0.5714285714285714,
        "support": 5.0
    },
    "BananaShrub": {
        "precision": 0.5,
        "recall": 0.5,
        "f1-score": 0.5,
        "support": 4.0
    },
    "BeautifulBougainvillea": {
        "precision": 0.8,
        "recall": 1.0,
        "f1-score": 0.8888888888888888,
        "support": 4.0
    },
    "BuddhistPine": {
        "precision": 0.4,
        "recall": 0.5,
        "f1-score": 0.4444444444444444,
        "support": 4.0
    },
    "CamelliaJaponica": {
        "precision": 1.0,
        "recall": 0.75,
        "f1-score": 0.8571428571428571,
        "support": 4.0
    },
    "DragonJuniper": {
        "precision": 0.6666666666666666,
        "recall": 0.5,
        "f1-score": 0.5714285714285714,
        "support": 4.0
    },
    "GoldenLeaves": {
        "precision": 0.7142857142857143,
        "recall": 1.0,
        "f1-score": 0.8333333333333334,
        "support": 5.0
    },
    "IndianSubleaseTree": {
        "precision": 0.75,
        "recall": 1.0,
        "f1-score": 0.8571428571428571,
        "support": 3.0
    },
    "accuracy": 0.696969696969697,
    "macro avg": {
        "precision": 0.7288690476190476,
        "recall": 0.70625,
        "f1-score": 0.6904761904761905,
        "support": 33.0
    },
    "weighted avg": {
        "precision": 0.736002886002886,
        "recall": 0.696969696969697,
        "f1-score": 0.6861471861471862,
        "support": 33.0
    }
}