{
    "Azalea": {
        "precision": 0.8333333333333334,
        "recall": 1.0,
        "f1-score": 0.9090909090909091,
        "support": 5.0
    },
    "BananaShrub": {
        "precision": 1.0,
        "recall": 0.25,
        "f1-score": 0.4,
        "support": 4.0
    },
    "BeautifulBougainvillea": {
        "precision": 0.6666666666666666,
        "recall": 1.0,
        "f1-score": 0.8,
        "support": 4.0
    },
    "BuddhistPine": {
        "precision": 1.0,
        "recall": 0.75,
        "f1-score": 0.8571428571428571,
        "support": 4.0
    },
    "CamelliaJaponica": {
        "precision": 1.0,
        "recall": 0.5,
        "f1-score": 0.6666666666666666,
        "support": 4.0
    },
    "DragonJuniper": {
        "precision": 0.75,
        "recall": 0.75,
        "f1-score": 0.75,
        "support": 4.0
    },
    "GoldenLeaves": {
        "precision": 0.7142857142857143,
        "recall": 1.0,
        "f1-score": 0.8333333333333334,
        "support": 5.0
    },
    "IndianSubleaseTree": {
        "precision": 0.5,
        "recall": 0.6666666666666666,
        "f1-score": 0.5714285714285714,
        "support": 3.0
    },
    "accuracy": 0.7575757575757576,
    "macro avg": {
        "precision": 0.8080357142857143,
        "recall": 0.7395833333333333,
        "f1-score": 0.7234577922077922,
        "support": 33.0
    },
    "weighted avg": {
        "precision": 0.8152958152958153,
        "recall": 0.7575757575757576,
        "f1-score": 0.7370195461104551,
        "support": 33.0
    }
}