{
    "Azalea": {
        "precision": 0.0,
        "recall": 0.0,
        "f1-score": 0.0,
        "support": 5.0
    },
    "BananaShrub": {
        "precision": 0.0,
        "recall": 0.0,
        "f1-score": 0.0,
        "support": 4.0
    },
    "BeautifulBougainvillea": {
        "precision": 0.6,
        "recall": 0.75,
        "f1-score": 0.6666666666666666,
        "support": 4.0
    },
    "BuddhistPine": {
        "precision": 0.14285714285714285,
        "recall": 0.25,
        "f1-score": 0.18181818181818182,
        "support": 4.0
    },
    "CamelliaJaponica": {
        "precision": 0.0,
        "recall": 0.0,
        "f1-score": 0.0,
        "support": 4.0
    },
    "DragonJuniper": {
        "precision": 0.3333333333333333,
        "recall": 0.25,
        "f1-score": 0.2857142857142857,
        "support": 4.0
    },
    "GoldenLeaves": {
        "precision": 0.75,
        "recall": 0.6,
        "f1-score": 0.6666666666666666,
        "support": 5.0
    },
    "IndianSubleaseTree": {
        "precision": 0.5,
        "recall": 1.0,
        "f1-score": 0.6666666666666666,
        "support": 3.0
    },
    "accuracy": 0.3333333333333333,
    "macro avg": {
        "precision": 0.2907738095238095,
        "recall": 0.35625,
        "f1-score": 0.3084415584415584,
        "support": 33.0
    },
    "weighted avg": {
        "precision": 0.2895382395382395,
        "recall": 0.3333333333333333,
        "f1-score": 0.29909484454938995,
        "support": 33.0
    }
}